variable,count,mean,std,min,25%,50%,75%,max,original
dummy1,1000.0,-0.0003817812624095759,0.011494255266503677,-0.0348659498708769,-0.007855607401803475,-0.00034285781854885,0.00789221453367655,0.0328836056406203,-0.0055667210298544
dummy2,1000.0,-1.3741874763699522e-05,0.011421643856973413,-0.0371692781743391,-0.0077902710355388,5.35648786388343e-05,0.007523128696941925,0.0347234156290809,0.0172188816816678
x1,1000.0,0.09012296681205019,3.0850005593153575,-8.078318349802979,-1.9992344002719045,-0.03147759320851285,1.954752880258982,28.204766996532523,28.204766996532523
x2,1000.0,0.3774202625870421,7.913253852704005,-23.198717317223338,-4.424128439300407,0.5390095064139084,5.364690488226206,75.049606598337,75.049606598337
x3,1000.0,0.012286428397935893,1.8383745620129956,-4.78249005290102,-1.2140898618088345,0.0383094084889679,1.1968024023542736,17.750074427466892,17.750074427466892
